Workbook

Sheet Executive Summary
B2: Executive Summary
A4: x | B4: §1 - Scope
B6: Question | C6: Theoretical ceiling on new-construction outsourcing $ (and the irreducible core)
B7: Programs | C7: Virginia, Columbia, DDG-51
B8: Window / units | C8: FY2022-2027 - then-year $M (P-5c); ratios unit-invariant
B9: Frame | C9: POP / distributed leads; make/buy = reference (Headroom)
A12: x | B12: §2 - Headline (share of Basic Construction)
B14: Measure | C14: Virginia | D14: Columbia | E14: DDG-51 | F14: Portfolio
B15: Irreducible core % | C15: ='Ceiling Model'!C10 | D15: ='Ceiling Model'!D10 | E15: ='Ceiling Model'!E10 | F15: ='Ceiling Model'!F10
B16: Structural ceiling % (p=1 upper bound) | C16: ='Ceiling Model'!C11 | D16: ='Ceiling Model'!D11 | E16: ='Ceiling Model'!E11 | F16: ='Ceiling Model'!F11
B17: Selected pass-through case % (p=50%) | C17: ='Conversion Bridge'!C13 | D17: ='Conversion Bridge'!D13 | E17: ='Conversion Bridge'!E13 | F17: ='Conversion Bridge'!F13
B18: Ceiling $M (FY22-27) | C18: ='Ceiling Model'!C13 | D18: ='Ceiling Model'!D13 | E18: ='Ceiling Model'!E13 | F18: ='Ceiling Model'!F13
B19: Headroom x vs current outsourcing | C19: ='Headroom'!C10 | D19: ='Headroom'!D10 | E19: ='Headroom'!E10 | F19: ='Headroom'!F10

Sheet Assumptions
B2: Assumptions
A4: x | B4: §1 - Run settings
B6: Setting | C6: Value
B7: Program scope | C7: Virginia, Columbia, DDG-51
B8: FY window | C8: FY2022-2027
B9: Units | C9: Then-year $M (P-5c as reported); ratios unit-invariant
B10: Lead frame | C10: POP / distributed (make/buy = reference footnote)
A13: x | B13: §2 - Core parameters (share of Basic Construction)
B15: Parameter | C15: Virginia | D15: Columbia | E15: DDG-51
B16: h - outsourceable labor-hour share | C16: 0.5 | D16: 0.5 | E16: 0.55
B17: L - shipyard labor share of BC | C17: 0.5 | D17: 0.5 | E17: 0.45
B19: Selected material pass-through | C19: Value
B20: p - pass-through material in outsourced packages | C20: 0.5
B22: L rebase: 40% of total cost to share of BC | C22: Value
B23: Labor share of total ship cost (CRS/CBO, A2/A3) | C23: 0.4
B24: Portfolio BC / total ship cost (Cost Base) | C24: =(SUMIF('Cost Base'!$B$7:$B$21,"Virginia",'Cost Base'!$D$7:$D$21)+SUMIF('Cost Base'!$B$7:$B$21,"Columbia",'Cost Base'!$D$7:$D$21)+SUMIF('Cost Base'!$B$7:$B$21,"DDG-51",'Cost Base'!$D$7:$D$21))/(SUMIF('Cost Base'!$B$7:$B$21,"Virginia",'Cost Base'!$F$7:$F$21)+SUMIF('Cost Base'!$B$7:$B$21,"Columbia",'Cost Base'!$F$7:$F$21)+SUMIF('Cost Base'!$B$7:$B$21,"DDG-51",'Cost Base'!$F$7:$F$21))
B25: Implied L of BC if all labor sat in BC | C25: =C23/C24
B26: Selected L of BC: subs 50% / DDG 45% (see L above)
A29: x | B29: §3 - Current-state anchors (reference)
B31: Anchor | C31: Virginia | D31: Columbia | E31: DDG-51
B32: Current off-team work (announced POP) | C32: 0.34 | D32: 0.22 | E32: 0.13
B34: Make/buy bought-out band (share of BC, all classes) | C34: Value
B35: Low | C35: 0.5
B36: Mid | C36: 0.6
B37: High | C37: 0.65

Sheet Ceiling Model
B2: Ceiling Model
A4: x | B4: §1 - Outsourcing ceiling (share of Basic Construction)
B6: Measure | C6: Virginia | D6: Columbia | E6: DDG-51 | F6: Portfolio
B7: BC base (cumulative FY22-27, $M) | C7: =SUMIF('Cost Base'!$B$7:$B$21,"Virginia",'Cost Base'!$D$7:$D$21) | D7: =SUMIF('Cost Base'!$B$7:$B$21,"Columbia",'Cost Base'!$D$7:$D$21) | E7: =SUMIF('Cost Base'!$B$7:$B$21,"DDG-51",'Cost Base'!$D$7:$D$21) | F7: =SUM(C7:E7)
B8: L - shipyard labor share of BC | C8: ='Assumptions'!C17 | D8: ='Assumptions'!D17 | E8: ='Assumptions'!E17
B9: h - outsourceable labor-hour share | C9: ='Assumptions'!C16 | D9: ='Assumptions'!D16 | E9: ='Assumptions'!E16
B10: Core % = L x (1 - h) | C10: =C8*(1-C9) | D10: =D8*(1-D9) | E10: =E8*(1-E9) | F10: =IF(F7=0,0,F12/F7)
B11: Ceiling % = 1 - core | C11: =1-C10 | D11: =1-D10 | E11: =1-E10 | F11: =1-F10
B12: Core $M (never-outsourced) | C12: =C10*C7 | D12: =D10*D7 | E12: =E10*E7 | F12: =SUM(C12:E12)
B13: Ceiling $M (outsourceable) | C13: =C11*C7 | D13: =D11*D7 | E13: =E11*E7 | F13: =SUM(C13:E13)

Sheet Conversion Bridge
B2: Conversion Bridge
A4: x | B4: §1 - Hours-to-dollars bridge (outsourced share of BC)
B6: Measure | C6: Virginia | D6: Columbia | E6: DDG-51 | F6: Portfolio
B7: BC base (cumulative FY22-27, $M) | C7: ='Ceiling Model'!C7 | D7: ='Ceiling Model'!D7 | E7: ='Ceiling Model'!E7 | F7: =SUM(C7:E7)
B8: L - shipyard labor share of BC | C8: ='Assumptions'!C17 | D8: ='Assumptions'!D17 | E8: ='Assumptions'!E17
B9: h - outsourceable labor-hour share | C9: ='Assumptions'!C16 | D9: ='Assumptions'!D16 | E9: ='Assumptions'!E16
B10: p - pass-through material (active) | C10: ='Assumptions'!C20
B11: Material share M = 1 - L | C11: =1-C8 | D11: =1-D8 | E11: =1-E8
B12: Outsourced share, labor-only (p=0) = h x L | C12: =C9*C8 | D12: =D9*D8 | E12: =E9*E8 | F12: =IF(F7=0,0,SUMPRODUCT(C12:E12,C7:E7)/F7)
B13: Outsourced share, active p = hL + pM | C13: =C9*C8+'Assumptions'!C20*C11 | D13: =D9*D8+'Assumptions'!C20*D11 | E13: =E9*E8+'Assumptions'!C20*E11 | F13: =IF(F7=0,0,F15/F7)
B14: Outsourced share, material-incl (p=1) = hL + M | C14: =C9*C8+C11 | D14: =D9*D8+D11 | E14: =E9*E8+E11 | F14: =IF(F7=0,0,SUMPRODUCT(C14:E14,C7:E7)/F7)
B15: Outsourced $M (active p) | C15: =C13*C7 | D15: =D13*D7 | E15: =E13*E7 | F15: =SUM(C15:E15)

Sheet Headroom
B2: Headroom
A4: x | B4: §1 - Headroom over current outsourcing (POP frame; $M, x)
B6: Measure | C6: Virginia | D6: Columbia | E6: DDG-51 | F6: Portfolio
B7: BC base (cumulative FY22-27, $M) | C7: ='Ceiling Model'!C7 | D7: ='Ceiling Model'!D7 | E7: ='Ceiling Model'!E7 | F7: =SUM(C7:E7)
B8: Current off-team work (POP) | C8: ='Assumptions'!C32 | D8: ='Assumptions'!D32 | E8: ='Assumptions'!E32 | F8: =IF(F7=0,0,F11/F7)
B9: Ceiling % | C9: ='Ceiling Model'!C11 | D9: ='Ceiling Model'!D11 | E9: ='Ceiling Model'!E11 | F9: =IF(F7=0,0,F12/F7)
B10: Headroom x = ceiling / current | C10: =IF(C8=0,0,C9/C8) | D10: =IF(D8=0,0,D9/D8) | E10: =IF(E8=0,0,E9/E8) | F10: =IF(F8=0,0,F9/F8)
B11: Current outsourced $M = POP x BC | C11: =C8*C7 | D11: =D8*D7 | E11: =E8*E7 | F11: =SUM(C11:E11)
B12: Ceiling $M (outsourceable) | C12: ='Ceiling Model'!C13 | D12: ='Ceiling Model'!D13 | E12: ='Ceiling Model'!E13 | F12: =SUM(C12:E12)
B13: FFATA-visible subawards $M (observed floor) | C13: =SUMIF('Cost Base'!$B$7:$B$21,"Virginia",'Cost Base'!$I$7:$I$21) | D13: =SUMIF('Cost Base'!$B$7:$B$21,"Columbia",'Cost Base'!$I$7:$I$21) | E13: =SUMIF('Cost Base'!$B$7:$B$21,"DDG-51",'Cost Base'!$I$7:$I$21) | F13: =SUM(C13:E13)
B14: Make/buy reference $M (mid band, footnote) | C14: ='Assumptions'!C36*C7 | D14: ='Assumptions'!C36*D7 | E14: ='Assumptions'!C36*E7 | F14: =SUM(C14:E14)

Sheet Cost Base
B2: Cost Base
A4: x | B4: §1 - P-5c cost base ($M then-year, FY22-27)
B6: Program | C6: FY | D6: BC | E6: GFE | F6: Total | G6: Plans+Other | H6: BC % | I6: FFATA
B7: Virginia | C7: 2022 | D7: 4758.283 | E7: 1587.366 | F7: 6915.757 | G7: =F7-D7-E7 | H7: =IF(F7=0,0,D7/F7) | I7: 241.07
B8: Virginia | C8: 2023 | D8: 5095.448 | E8: 1634.461 | F8: 7250.579 | G8: =F8-D8-E8 | H8: =IF(F8=0,0,D8/F8) | I8: 939.9
B9: Virginia | C9: 2024 | D9: 9070.762 | E9: 1683.842 | F9: 11377.643 | G9: =F9-D9-E9 | H9: =IF(F9=0,0,D9/F9) | I9: 462.23
B10: Virginia | C10: 2025 | D10: 5326.544 | E10: 1318.214 | F10: 9500.534 | G10: =F10-D10-E10 | H10: =IF(F10=0,0,D10/F10) | I10: 261.86
B11: Virginia | C11: 2026 | D11: 3136.792 | E11: 1633.585 | F11: 5389.109 | G11: =F11-D11-E11 | H11: =IF(F11=0,0,D11/F11) | I11: 0.3
B12: Virginia | C12: 2027 | D12: 8889.31 | E12: 1897.988 | F12: 11437.036 | G12: =F12-D12-E12 | H12: =IF(F12=0,0,D12/F12) | I12: 0
B13: Columbia | C13: 2024 | D13: 6356.087 | E13: 2560.457 | F13: 10688.811 | G13: =F13-D13-E13 | H13: =IF(F13=0,0,D13/F13) | I13: 837.99
B14: Columbia | C14: 2026 | D14: 7159.768 | E14: 2125.001 | F14: 10744.317 | G14: =F14-D14-E14 | H14: =IF(F14=0,0,D14/F14) | I14: 0
B15: Columbia | C15: 2027 | D15: 6853.733 | E15: 2422.192 | F15: 10486.369 | G15: =F15-D15-E15 | H15: =IF(F15=0,0,D15/F15) | I15: 0
B16: DDG-51 | C16: 2022 | D16: 1959.99 | E16: 1707.778 | F16: 4072.882 | G16: =F16-D16-E16 | H16: =IF(F16=0,0,D16/F16) | I16: 162.11
B17: DDG-51 | C17: 2023 | D17: 4558.163 | E17: 2784.53 | F17: 7949.54 | G17: =F17-D17-E17 | H17: =IF(F17=0,0,D17/F17) | I17: 300.88
B18: DDG-51 | C18: 2024 | D18: 3322.458 | E18: 1807.266 | F18: 5492.33 | G18: =F18-D18-E18 | H18: =IF(F18=0,0,D18/F18) | I18: 552.8
... B21: DDG-51 | C21: 2027 | D21: 2719.555 | E21: 1199.227 | F21: 4256.914 | G21: =F21-D21-E21 | H21: =IF(F21=0,0,D21/F21) | I21: 0
B22: Portfolio (FY22-27) | D22: =SUBTOTAL(109,D7:D21) | E22: =SUBTOTAL(109,E7:E21) | F22: =SUBTOTAL(109,F7:F21) | G22: =SUBTOTAL(109,G7:G21) | H22: =IF(F22=0,0,D22/F22) | I22: =SUBTOTAL(109,I7:I21)

Sheet Sensitivity
B2: Sensitivity
A4: x | B4: §1 - Ceiling % sensitivity (L down, h across)
B6: L \ h | C6: 0.3 | D6: 0.4 | E6: 0.5 | F6: 0.6 | G6: 0.7
B7: 0.35 | C7: =1-$B7*(1-C$6) | D7: =1-$B7*(1-D$6) | E7: =1-$B7*(1-E$6) | F7: =1-$B7*(1-F$6) | G7: =1-$B7*(1-G$6)
B8: 0.4 | C8: =1-$B8*(1-C$6) | D8: =1-$B8*(1-D$6) | E8: =1-$B8*(1-E$6) | F8: =1-$B8*(1-F$6) | G8: =1-$B8*(1-G$6)
B9: 0.45 | C9: =1-$B9*(1-C$6) | D9: =1-$B9*(1-D$6) | E9: =1-$B9*(1-E$6) | F9: =1-$B9*(1-F$6) | G9: =1-$B9*(1-G$6)
B10: 0.5 | C10: =1-$B10*(1-C$6) | D10: =1-$B10*(1-D$6) | E10: =1-$B10*(1-E$6) | F10: =1-$B10*(1-F$6) | G10: =1-$B10*(1-G$6)
B11: 0.55 | C11: =1-$B11*(1-C$6) | D11: =1-$B11*(1-D$6) | E11: =1-$B11*(1-E$6) | F11: =1-$B11*(1-F$6) | G11: =1-$B11*(1-G$6)
B12: 0.6 | C12: =1-$B12*(1-C$6) | D12: =1-$B12*(1-D$6) | E12: =1-$B12*(1-E$6) | F12: =1-$B12*(1-F$6) | G12: =1-$B12*(1-G$6)
A15: x | B15: §2 - Outsourced share vs pass-through p (Virginia params)
B17: Outsourced share \ p | C17: 0 | D17: 0.25 | E17: 0.5 | F17: 0.75 | G17: 1
B18: hL + p*M (share of BC) | C18: =('Assumptions'!C17*'Assumptions'!C16)+C$17*(1-'Assumptions'!C17) | D18: =('Assumptions'!C17*'Assumptions'!C16)+D$17*(1-'Assumptions'!C17) | E18: =('Assumptions'!C17*'Assumptions'!C16)+E$17*(1-'Assumptions'!C17) | F18: =('Assumptions'!C17*'Assumptions'!C16)+F$17*(1-'Assumptions'!C17) | G18: =('Assumptions'!C17*'Assumptions'!C16)+G$17*(1-'Assumptions'!C17)

Sheet Tie-Outs
B2: Tie-Outs
A4: x | B4: §1 - Identity + sanity checks
B6: Check | C6: Virginia | D6: Columbia | E6: DDG-51 | F6: Portfolio
B7: Core $ + Ceiling $ = BC $ | C7: =IF(ABS(('Ceiling Model'!C12+'Ceiling Model'!C13)-'Ceiling Model'!C7)<0.5,"OK","FAIL") | D7: =IF(ABS(('Ceiling Model'!D12+'Ceiling Model'!D13)-'Ceiling Model'!D7)<0.5,"OK","FAIL") | E7: =IF(ABS(('Ceiling Model'!E12+'Ceiling Model'!E13)-'Ceiling Model'!E7)<0.5,"OK","FAIL") | F7: =IF(ABS(('Ceiling Model'!F12+'Ceiling Model'!F13)-'Ceiling Model'!F7)<0.5,"OK","FAIL")
B8: Core % + Ceiling % = 1 | C8: =IF(ABS(('Ceiling Model'!C10+'Ceiling Model'!C11)-1)<0.001,"OK","FAIL") | D8: =IF(ABS(('Ceiling Model'!D10+'Ceiling Model'!D11)-1)<0.001,"OK","FAIL") | E8: =IF(ABS(('Ceiling Model'!E10+'Ceiling Model'!E11)-1)<0.001,"OK","FAIL") | F8: =IF(ABS(('Ceiling Model'!F10+'Ceiling Model'!F11)-1)<0.001,"OK","FAIL")
B9: Ceiling % >= current POP % | C9: =IF('Ceiling Model'!C11>=('Assumptions'!C32),"OK","FAIL") | D9: =IF('Ceiling Model'!D11>=('Assumptions'!D32),"OK","FAIL") | E9: =IF('Ceiling Model'!E11>=('Assumptions'!E32),"OK","FAIL") | F9: =IF('Ceiling Model'!F11>=(SUMPRODUCT('Assumptions'!C32:E32,'Ceiling Model'!C7:E7)/'Ceiling Model'!F7),"OK","FAIL")
B10: Ceiling $ >= FFATA-visible $ (floor) | C10: =IF('Ceiling Model'!C13>=(SUMIF('Cost Base'!$B$7:$B$21,"Virginia",'Cost Base'!$I$7:$I$21)),"OK","FAIL") | D10: =IF('Ceiling Model'!D13>=(SUMIF('Cost Base'!$B$7:$B$21,"Columbia",'Cost Base'!$I$7:$I$21)),"OK","FAIL") | E10: =IF('Ceiling Model'!E13>=(SUMIF('Cost Base'!$B$7:$B$21,"DDG-51",'Cost Base'!$I$7:$I$21)),"OK","FAIL") | F10: =IF('Ceiling Model'!F13>=(SUMIF('Cost Base'!$B$7:$B$21,"Virginia",'Cost Base'!$I$7:$I$21)+SUMIF('Cost Base'!$B$7:$B$21,"Columbia",'Cost Base'!$I$7:$I$21)+SUMIF('Cost Base'!$B$7:$B$21,"DDG-51",'Cost Base'!$I$7:$I$21)),"OK","FAIL")
B11: Ceiling % = Bridge p=1 case | C11: =IF(ABS('Ceiling Model'!C11-'Conversion Bridge'!C14)<0.001,"OK","FAIL") | D11: =IF(ABS('Ceiling Model'!D11-'Conversion Bridge'!D14)<0.001,"OK","FAIL") | E11: =IF(ABS('Ceiling Model'!E11-'Conversion Bridge'!E14)<0.001,"OK","FAIL") | F11: =IF(ABS('Ceiling Model'!F11-'Conversion Bridge'!F14)<0.001,"OK","FAIL")
B13: All-OK gate | C13: =IF(COUNTIF(C7:C11,"FAIL")=0,"OK","FAIL") | D13: =IF(COUNTIF(D7:D11,"FAIL")=0,"OK","FAIL") | E13: =IF(COUNTIF(E7:E11,"FAIL")=0,"OK","FAIL") | F13: =IF(COUNTIF(F7:F11,"FAIL")=0,"OK","FAIL")

Sheet Sources
B2: Sources
A4: x | B4: §1 - Anchors (verified citations)
B6: Parameter | C6: Value | D6: Basis | E6: Source | F6: ID
B7: h - outsourceable labor-hour share | C7: 0.5 | D7: labor-hours | E7: Defense News - Defense firms outsource sub, carrier construction amid labor woes (M. Eckstein, 2022-10-21) | F7: A1
B8: L - shipyard labor share of ship cost | C8: 0.4 | D8: dollars (of total procurement cost) | E8: O'Rourke (CRS), 'The State of U.S. Shipbuilding', House Armed Services testimony (2025-03-11) | F8: A2
B9: L cross-check - labor weight of shipbuilding cost | C9: 0.39-0.48 | D9: dollars (composite index weight) | E9: CBO, The Shipbuilding Composite Index (April 2024) | F9: A3
B10: Basic Construction is a single regulated line (no labor/material split) | C10: n/a | D10: definition | E10: DoD FMR 7000.14-R Vol 2B Ch 4, Exhibit P-5 Ship Cost Element Categories (Nov 2017) | F10: A4
B11: Virginia current off-team place-of-performance | C11: 0.34 | D11: place of performance | E11: DoD Contracts 2019-12-02 (article 2030017), Block V N00024-17-C-2100 | F11: A5
B12: Columbia current off-team place-of-performance | C12: 0.22 | D12: place of performance | E12: DoD Contracts 2020-11-05 (article 2406922), Build I N00024-17-C-2117 | F12: A6
B13: DDG-51 current off-team place-of-performance | C13: 0.13 | D13: place of performance | E13: DoD Contracts 2023-08-01 (article 3479250), DDG-51 FY23-27 multiyear (BIW + Ingalls) | F13: A7
A16: x | B16: §2 - Sourced vs assumed
B18: Parameter | C18: Status | D18: Note
B19: h - outsourceable labor-hour share | C19: Verified | D19: Rucker / Defense News 2022 (A1)
B20: L - shipyard labor share of BC | C20: Verified + judgment | D20: 40% of total cost (CRS/CBO A2/A3), rebased to BC (see Assumptions)
B21: core = L x (1 - h) | C21: Derived | D21: identity
B22: ceiling = 1 - core | C22: Derived | D22: identity
B23: p - pass-through material | C23: Assumption | D23: scenario input; sizes supplier-package value
B24: DDG-51 h / L | C24: Assumption | D24: non-nuclear contrast, not Rucker
B25: Current off-team POP % | C25: Sourced + derived | D25: announced POP A5/A6; DDG-51 13% blended (A7)
