Workbook

Sheet Executive Summary
B2: Executive Summary
A4: x | B4: §1 - Scope
B6: Question | C6: Theoretical ceiling on new-construction outsourcing $ (and the irreducible core)
B7: Programs | C7: Virginia, Columbia, DDG-51
B8: Window / units | C8: FY2022-2027 - then-year $M (P-5c); ratios unit-invariant
B9: Frame | C9: POP / distributed leads; make/buy = reference (Headroom)
A12: x | B12: §2 - Headline (share of Basic Construction)
B14: Measure | C14: Virginia | D14: Columbia | E14: DDG-51 | F14: Portfolio
B15: Irreducible core % | C15: ='Ceiling Model'!C10 -> 0.25 | D15: ='Ceiling Model'!D10 -> 0.25 | E15: ='Ceiling Model'!E10 -> 0.2025 | F15: ='Ceiling Model'!F10 -> 0.23880333
B16: Structural ceiling % (p=1 upper bound) | C16: ='Ceiling Model'!C11 -> 0.75 | D16: ='Ceiling Model'!D11 -> 0.75 | E16: ='Ceiling Model'!E11 -> 0.7975 | F16: ='Ceiling Model'!F11 -> 0.76119667
B17: Selected pass-through case % (p=50%) | C17: ='Conversion Bridge'!C13 -> 0.5 | D17: ='Conversion Bridge'!D13 -> 0.5 | E17: ='Conversion Bridge'!E13 -> 0.5225 | F17: ='Conversion Bridge'!F13 -> 0.50530369
B18: Ceiling $M (FY22-27) | C18: ='Ceiling Model'!C13 -> 27207.854 | D18: ='Ceiling Model'!D13 -> 15277.191 | E18: ='Ceiling Model'!E13 -> 13933.109 | F18: ='Ceiling Model'!F13 -> 56418.154
B19: Headroom x vs current outsourcing | C19: =Headroom!C10 -> 2.2058824 | D19: =Headroom!D10 -> 3.4090909 | E19: =Headroom!E10 -> 6.1346154 | F19: =Headroom!F10 -> 2.9558784

Sheet Assumptions
B2: Assumptions
A4: x | B4: §1 - Run settings
B6: Setting | C6: Value
B7: Program scope | C7: Virginia, Columbia, DDG-51
B8: FY window | C8: FY2022-2027
B9: Units | C9: Then-year $M (P-5c as reported); ratios unit-invariant
B10: Lead frame | C10: POP / distributed (make/buy = reference footnote)
A13: x | B13: §2 - Core parameters (share of Basic Construction)
B15: Parameter | C15: Virginia | D15: Columbia | E15: DDG-51
B16: h - outsourceable labor-hour share | C16: 0.5 | D16: 0.5 | E16: 0.55
B17: L - shipyard labor share of BC | C17: 0.5 | D17: 0.5 | E17: 0.45
B19: Selected material pass-through | C19: Value
B20: p - pass-through material in outsourced packages | C20: 0.5
B22: L rebase: 40% of total cost to share of BC | C22: Value
B23: Labor share of total ship cost (CRS/CBO, A2/A3) | C23: 0.4
B24: Portfolio BC / total ship cost (Cost Base) | C24: =(SUMIF('Cost Base'!$B$7:$B$21,"Virginia",'Cost Base'!$D$7:$D$21)+SUMIF('Cost Base'!$B$7:$B$21,"Columbia",'Cost Base'!$D$7:$D$21)+SUMIF('Cost Base'!$B$7:$B$21,"DDG-51",'Cost Base'!$D$7:$D$21))/(SUMIF('Cost Base'!$B$7:$B$21,"Virginia",'Cost Base'!$F$7:$F$21)+SUMIF('Cost Base'!$B$7:$B$21,"Columbia",'Cost Base'!$F$7:$F$21)+SUMIF('Cost Base'!$B$7:$B$21,"DDG-51",'Cost Base'!$F$7:$F$21)) -> 0.65171741
B25: Implied L of BC if all labor sat in BC | C25: =C23/C24 -> 0.61376295
B26: Selected L of BC: subs 50% / DDG 45% (see L above)
A29: x | B29: §3 - Current-state anchors (reference)
B31: Anchor | C31: Virginia | D31: Columbia | E31: DDG-51
B32: Current off-team work (announced POP) | C32: 0.34 | D32: 0.22 | E32: 0.13
B34: Make/buy bought-out band (share of BC, all classes) | C34: Value
B35: Low | C35: 0.5
B36: Mid | C36: 0.6
B37: High | C37: 0.65

Sheet Ceiling Model
B2: Ceiling Model
A4: x | B4: §1 - Outsourcing ceiling (share of Basic Construction)
B6: Measure | C6: Virginia | D6: Columbia | E6: DDG-51 | F6: Portfolio
B7: BC base (cumulative FY22-27, $M) | C7: =SUMIF('Cost Base'!$B$7:$B$21,"Virginia",'Cost Base'!$D$7:$D$21) -> 36277.139 | D7: =SUMIF('Cost Base'!$B$7:$B$21,"Columbia",'Cost Base'!$D$7:$D$21) -> 20369.588 | E7: =SUMIF('Cost Base'!$B$7:$B$21,"DDG-51",'Cost Base'!$D$7:$D$21) -> 17470.983 | F7: =SUM(C7:E7) -> 74117.71
B8: L - shipyard labor share of BC | C8: =Assumptions!C17 -> 0.5 | D8: =Assumptions!D17 -> 0.5 | E8: =Assumptions!E17 -> 0.45
B9: h - outsourceable labor-hour share | C9: =Assumptions!C16 -> 0.5 | D9: =Assumptions!D16 -> 0.5 | E9: =Assumptions!E16 -> 0.55
B10: Core % = L x (1 - h) | C10: =C8*(1-C9) -> 0.25 | D10: =D8*(1-D9) -> 0.25 | E10: =E8*(1-E9) -> 0.2025 | F10: =IF(F7=0,0,F12/F7) -> 0.23880333
B11: Ceiling % = 1 - core | C11: =1-C10 -> 0.75 | D11: =1-D10 -> 0.75 | E11: =1-E10 -> 0.7975 | F11: =1-F10 -> 0.76119667
B12: Core $M (never-outsourced) | C12: =C10*C7 -> 9069.2848 | D12: =D10*D7 -> 5092.397 | E12: =E10*E7 -> 3537.8741 | F12: =SUM(C12:E12) -> 17699.556
B13: Ceiling $M (outsourceable) | C13: =C11*C7 -> 27207.854 | D13: =D11*D7 -> 15277.191 | E13: =E11*E7 -> 13933.109 | F13: =SUM(C13:E13) -> 56418.154

Sheet Conversion Bridge
B2: Conversion Bridge
A4: x | B4: §1 - Hours-to-dollars bridge (outsourced share of BC)
B6: Measure | C6: Virginia | D6: Columbia | E6: DDG-51 | F6: Portfolio
B7: BC base (cumulative FY22-27, $M) | C7: ='Ceiling Model'!C7 -> 36277.139 | D7: ='Ceiling Model'!D7 -> 20369.588 | E7: ='Ceiling Model'!E7 -> 17470.983 | F7: =SUM(C7:E7) -> 74117.71
B8: L - shipyard labor share of BC | C8: =Assumptions!C17 -> 0.5 | D8: =Assumptions!D17 -> 0.5 | E8: =Assumptions!E17 -> 0.45
B9: h - outsourceable labor-hour share | C9: =Assumptions!C16 -> 0.5 | D9: =Assumptions!D16 -> 0.5 | E9: =Assumptions!E16 -> 0.55
B10: p - pass-through material (active) | C10: =Assumptions!C20 -> 0.5
B11: Material share M = 1 - L | C11: =1-C8 -> 0.5 | D11: =1-D8 -> 0.5 | E11: =1-E8 -> 0.55
B12: Outsourced share, labor-only (p=0) = h x L | C12: =C9*C8 -> 0.25 | D12: =D9*D8 -> 0.25 | E12: =E9*E8 -> 0.2475 | F12: =IF(F7=0,0,SUMPRODUCT(C12:E12,C7:E7)/F7) -> 0.2494107
B13: Outsourced share, active p = hL + pM | C13: =C9*C8+Assumptions!C20*C11 -> 0.5 | D13: =D9*D8+Assumptions!C20*D11 -> 0.5 | E13: =E9*E8+Assumptions!C20*E11 -> 0.5225 | F13: =IF(F7=0,0,F15/F7) -> 0.50530369
B14: Outsourced share, material-incl (p=1) = hL + M | C14: =C9*C8+C11 -> 0.75 | D14: =D9*D8+D11 -> 0.75 | E14: =E9*E8+E11 -> 0.7975 | F14: =IF(F7=0,0,SUMPRODUCT(C14:E14,C7:E7)/F7) -> 0.76119667
B15: Outsourced $M (active p) | C15: =C13*C7 -> 18138.57 | D15: =D13*D7 -> 10184.794 | E15: =E13*E7 -> 9128.5886 | F15: =SUM(C15:E15) -> 37451.952

Sheet Headroom
B2: Headroom
A4: x | B4: §1 - Headroom over current outsourcing (POP frame; $M, x)
B6: Measure | C6: Virginia | D6: Columbia | E6: DDG-51 | F6: Portfolio
B7: BC base (cumulative FY22-27, $M) | C7: ='Ceiling Model'!C7 -> 36277.139 | D7: ='Ceiling Model'!D7 -> 20369.588 | E7: ='Ceiling Model'!E7 -> 17470.983 | F7: =SUM(C7:E7) -> 74117.71
B8: Current off-team work (POP) | C8: =Assumptions!C32 -> 0.34 | D8: =Assumptions!D32 -> 0.22 | E8: =Assumptions!E32 -> 0.13 | F8: =IF(F7=0,0,F11/F7) -> 0.25751962
B9: Ceiling % | C9: ='Ceiling Model'!C11 -> 0.75 | D9: ='Ceiling Model'!D11 -> 0.75 | E9: ='Ceiling Model'!E11 -> 0.7975 | F9: =IF(F7=0,0,F12/F7) -> 0.76119667
B10: Headroom x = ceiling / current | C10: =IF(C8=0,0,C9/C8) -> 2.2058824 | D10: =IF(D8=0,0,D9/D8) -> 3.4090909 | E10: =IF(E8=0,0,E9/E8) -> 6.1346154 | F10: =IF(F8=0,0,F9/F8) -> 2.9558784
B11: Current outsourced $M = POP x BC | C11: =C8*C7 -> 12334.227 | D11: =D8*D7 -> 4481.3094 | E11: =E8*E7 -> 2271.2278 | F11: =SUM(C11:E11) -> 19086.764
B12: Ceiling $M (outsourceable) | C12: ='Ceiling Model'!C13 -> 27207.854 | D12: ='Ceiling Model'!D13 -> 15277.191 | E12: ='Ceiling Model'!E13 -> 13933.109 | F12: =SUM(C12:E12) -> 56418.154
B13: FFATA-visible subawards $M (observed floor) | C13: =SUMIF('Cost Base'!$B$7:$B$21,"Virginia",'Cost Base'!$I$7:$I$21) -> 1905.36 | D13: =SUMIF('Cost Base'!$B$7:$B$21,"Columbia",'Cost Base'!$I$7:$I$21) -> 837.99 | E13: =SUMIF('Cost Base'!$B$7:$B$21,"DDG-51",'Cost Base'!$I$7:$I$21) -> 1762.64 | F13: =SUM(C13:E13) -> 4505.99
B14: Make/buy reference $M (mid band, footnote) | C14: =Assumptions!C36*C7 -> 21766.283 | D14: =Assumptions!C36*D7 -> 12221.753 | E14: =Assumptions!C36*E7 -> 10482.59 | F14: =SUM(C14:E14) -> 44470.626

Sheet Cost Base
B2: Cost Base
A4: x | B4: §1 - P-5c cost base ($M then-year, FY22-27)
B6: Program | C6: FY | D6: BC | E6: GFE | F6: Total | G6: Plans+Other | H6: BC % | I6: FFATA
B7: Virginia | C7: 2022 | D7: 4758.283 | E7: 1587.366 | F7: 6915.757 | G7: =F7-D7-E7 -> 570.108 | H7: =IF(F7=0,0,D7/F7) -> 0.68803502 | I7: 241.07
B8: Virginia | C8: 2023 | D8: 5095.448 | E8: 1634.461 | F8: 7250.579 | G8: =F8-D8-E8 -> 520.67 | H8: =IF(F8=0,0,D8/F8) -> 0.70276429 | I8: 939.9
B9: Virginia | C9: 2024 | D9: 9070.762 | E9: 1683.842 | F9: 11377.643 | G9: =F9-D9-E9 -> 623.039 | H9: =IF(F9=0,0,D9/F9) -> 0.79724439 | I9: 462.23
B10: Virginia | C10: 2025 | D10: 5326.544 | E10: 1318.214 | F10: 9500.534 | G10: =F10-D10-E10 -> 2855.776 | H10: =IF(F10=0,0,D10/F10) -> 0.56065733 | I10: 261.86
B11: Virginia | C11: 2026 | D11: 3136.792 | E11: 1633.585 | F11: 5389.109 | G11: =F11-D11-E11 -> 618.732 | H11: =IF(F11=0,0,D11/F11) -> 0.58206134 | I11: 0.3
B12: Virginia | C12: 2027 | D12: 8889.31 | E12: 1897.988 | F12: 11437.036 | G12: =F12-D12-E12 -> 649.738 | H12: =IF(F12=0,0,D12/F12) -> 0.77723896 | I12: 0
B13: Columbia | C13: 2024 | D13: 6356.087 | E13: 2560.457 | F13: 10688.811 | G13: =F13-D13-E13 -> 1772.267 | H13: =IF(F13=0,0,D13/F13) -> 0.59464865 | I13: 837.99
B14: Columbia | C14: 2026 | D14: 7159.768 | E14: 2125.001 | F14: 10744.317 | G14: =F14-D14-E14 -> 1459.548 | H14: =IF(F14=0,0,D14/F14) -> 0.66637721 | I14: 0
B15: Columbia | C15: 2027 | D15: 6853.733 | E15: 2422.192 | F15: 10486.369 | G15: =F15-D15-E15 -> 1210.444 | H15: =IF(F15=0,0,D15/F15) -> 0.65358495 | I15: 0
B16: DDG-51 | C16: 2022 | D16: 1959.99 | E16: 1707.778 | F16: 4072.882 | G16: =F16-D16-E16 -> 405.114 | H16: =IF(F16=0,0,D16/F16) -> 0.48122926 | I16: 162.11
B17: DDG-51 | C17: 2023 | D17: 4558.163 | E17: 2784.53 | F17: 7949.54 | G17: =F17-D17-E17 -> 606.847 | H17: =IF(F17=0,0,D17/F17) -> 0.57338701 | I17: 300.88
B18: DDG-51 | C18: 2024 | D18: 3322.458 | E18: 1807.266 | F18: 5492.33 | G18: =F18-D18-E18 -> 362.606 | H18: =IF(F18=0,0,D18/F18) -> 0.60492687 | I18: 552.8
... B21: DDG-51 | C21: 2027 | D21: 2719.555 | E21: 1199.227 | F21: 4256.914 | G21: =F21-D21-E21 -> 338.132 | H21: =IF(F21=0,0,D21/F21) -> 0.63885599 | I21: 0
B22: Portfolio (FY22-27) | D22: =SUBTOTAL(109,D7:D21) -> 74117.71 | E22: =SUBTOTAL(109,E7:E21) -> 27153.04 | F22: =SUBTOTAL(109,F7:F21) -> 113726.76 | G22: =SUBTOTAL(109,G7:G21) -> 12456.01 | H22: =IF(F22=0,0,D22/F22) -> 0.65171741 | I22: =SUBTOTAL(109,I7:I21) -> 4505.99

Sheet Sensitivity
B2: Sensitivity
A4: x | B4: §1 - Ceiling % sensitivity (L down, h across)
B6: L \ h | C6: 0.3 | D6: 0.4 | E6: 0.5 | F6: 0.6 | G6: 0.7
B7: 0.35 | C7: =1-$B7*(1-C$6) -> 0.755 | D7: =1-$B7*(1-D$6) -> 0.79 | E7: =1-$B7*(1-E$6) -> 0.825 | F7: =1-$B7*(1-F$6) -> 0.86 | G7: =1-$B7*(1-G$6) -> 0.895
B8: 0.4 | C8: =1-$B8*(1-C$6) -> 0.72 | D8: =1-$B8*(1-D$6) -> 0.76 | E8: =1-$B8*(1-E$6) -> 0.8 | F8: =1-$B8*(1-F$6) -> 0.84 | G8: =1-$B8*(1-G$6) -> 0.88
B9: 0.45 | C9: =1-$B9*(1-C$6) -> 0.685 | D9: =1-$B9*(1-D$6) -> 0.73 | E9: =1-$B9*(1-E$6) -> 0.775 | F9: =1-$B9*(1-F$6) -> 0.82 | G9: =1-$B9*(1-G$6) -> 0.865
B10: 0.5 | C10: =1-$B10*(1-C$6) -> 0.65 | D10: =1-$B10*(1-D$6) -> 0.7 | E10: =1-$B10*(1-E$6) -> 0.75 | F10: =1-$B10*(1-F$6) -> 0.8 | G10: =1-$B10*(1-G$6) -> 0.85
B11: 0.55 | C11: =1-$B11*(1-C$6) -> 0.615 | D11: =1-$B11*(1-D$6) -> 0.67 | E11: =1-$B11*(1-E$6) -> 0.725 | F11: =1-$B11*(1-F$6) -> 0.78 | G11: =1-$B11*(1-G$6) -> 0.835
B12: 0.6 | C12: =1-$B12*(1-C$6) -> 0.58 | D12: =1-$B12*(1-D$6) -> 0.64 | E12: =1-$B12*(1-E$6) -> 0.7 | F12: =1-$B12*(1-F$6) -> 0.76 | G12: =1-$B12*(1-G$6) -> 0.82
A15: x | B15: §2 - Outsourced share vs pass-through p (Virginia params)
B17: Outsourced share \ p | C17: 0 | D17: 0.25 | E17: 0.5 | F17: 0.75 | G17: 1
B18: hL + p*M (share of BC) | C18: =(Assumptions!C17*Assumptions!C16)+C$17*(1-Assumptions!C17) -> 0.25 | D18: =(Assumptions!C17*Assumptions!C16)+D$17*(1-Assumptions!C17) -> 0.375 | E18: =(Assumptions!C17*Assumptions!C16)+E$17*(1-Assumptions!C17) -> 0.5 | F18: =(Assumptions!C17*Assumptions!C16)+F$17*(1-Assumptions!C17) -> 0.625 | G18: =(Assumptions!C17*Assumptions!C16)+G$17*(1-Assumptions!C17) -> 0.75

Sheet Tie-Outs
B2: Tie-Outs
A4: x | B4: §1 - Identity + sanity checks
B6: Check | C6: Virginia | D6: Columbia | E6: DDG-51 | F6: Portfolio
B7: Core $ + Ceiling $ = BC $ | C7: =IF(ABS(('Ceiling Model'!C12+'Ceiling Model'!C13)-'Ceiling Model'!C7)<0.5,"OK","FAIL") -> OK | D7: =IF(ABS(('Ceiling Model'!D12+'Ceiling Model'!D13)-'Ceiling Model'!D7)<0.5,"OK","FAIL") -> OK | E7: =IF(ABS(('Ceiling Model'!E12+'Ceiling Model'!E13)-'Ceiling Model'!E7)<0.5,"OK","FAIL") -> OK | F7: =IF(ABS(('Ceiling Model'!F12+'Ceiling Model'!F13)-'Ceiling Model'!F7)<0.5,"OK","FAIL") -> OK
B8: Core % + Ceiling % = 1 | C8: =IF(ABS(('Ceiling Model'!C10+'Ceiling Model'!C11)-1)<0.001,"OK","FAIL") -> OK | D8: =IF(ABS(('Ceiling Model'!D10+'Ceiling Model'!D11)-1)<0.001,"OK","FAIL") -> OK | E8: =IF(ABS(('Ceiling Model'!E10+'Ceiling Model'!E11)-1)<0.001,"OK","FAIL") -> OK | F8: =IF(ABS(('Ceiling Model'!F10+'Ceiling Model'!F11)-1)<0.001,"OK","FAIL") -> OK
B9: Ceiling % >= current POP % | C9: =IF('Ceiling Model'!C11>=(Assumptions!C32),"OK","FAIL") -> OK | D9: =IF('Ceiling Model'!D11>=(Assumptions!D32),"OK","FAIL") -> OK | E9: =IF('Ceiling Model'!E11>=(Assumptions!E32),"OK","FAIL") -> OK | F9: =IF('Ceiling Model'!F11>=(SUMPRODUCT(Assumptions!C32:E32,'Ceiling Model'!C7:E7)/'Ceiling Model'!F7),"OK","FAIL") -> OK
B10: Ceiling $ >= FFATA-visible $ (floor) | C10: =IF('Ceiling Model'!C13>=(SUMIF('Cost Base'!$B$7:$B$21,"Virginia",'Cost Base'!$I$7:$I$21)),"OK","FAIL") -> OK | D10: =IF('Ceiling Model'!D13>=(SUMIF('Cost Base'!$B$7:$B$21,"Columbia",'Cost Base'!$I$7:$I$21)),"OK","FAIL") -> OK | E10: =IF('Ceiling Model'!E13>=(SUMIF('Cost Base'!$B$7:$B$21,"DDG-51",'Cost Base'!$I$7:$I$21)),"OK","FAIL") -> OK | F10: =IF('Ceiling Model'!F13>=(SUMIF('Cost Base'!$B$7:$B$21,"Virginia",'Cost Base'!$I$7:$I$21)+SUMIF('Cost Base'!$B$7:$B$21,"Columbia",'Cost Base'!$I$7:$I$21)+SUMIF('Cost Base'!$B$7:$B$21,"DDG-51",'Cost Base'!$I$7:$I$21)),"OK","FAIL") -> OK
B11: Ceiling % = Bridge p=1 case | C11: =IF(ABS('Ceiling Model'!C11-'Conversion Bridge'!C14)<0.001,"OK","FAIL") -> OK | D11: =IF(ABS('Ceiling Model'!D11-'Conversion Bridge'!D14)<0.001,"OK","FAIL") -> OK | E11: =IF(ABS('Ceiling Model'!E11-'Conversion Bridge'!E14)<0.001,"OK","FAIL") -> OK | F11: =IF(ABS('Ceiling Model'!F11-'Conversion Bridge'!F14)<0.001,"OK","FAIL") -> OK
B13: All-OK gate | C13: =IF(COUNTIF(C7:C11,"FAIL")=0,"OK","FAIL") -> OK | D13: =IF(COUNTIF(D7:D11,"FAIL")=0,"OK","FAIL") -> OK | E13: =IF(COUNTIF(E7:E11,"FAIL")=0,"OK","FAIL") -> OK | F13: =IF(COUNTIF(F7:F11,"FAIL")=0,"OK","FAIL") -> OK

Sheet Sources
B2: Sources
A4: x | B4: §1 - Anchors (verified citations)
B6: Parameter | C6: Value | D6: Basis | E6: Source | F6: ID
B7: h - outsourceable labor-hour share | C7: 0.5 | D7: labor-hours | E7: Defense News - Defense firms outsource sub, carrier construction amid labor woes (M. Eckstein, 2022-10-21) | F7: A1
B8: L - shipyard labor share of ship cost | C8: 0.4 | D8: dollars (of total procurement cost) | E8: O'Rourke (CRS), 'The State of U.S. Shipbuilding', House Armed Services testimony (2025-03-11) | F8: A2
B9: L cross-check - labor weight of shipbuilding cost | C9: 0.39-0.48 | D9: dollars (composite index weight) | E9: CBO, The Shipbuilding Composite Index (April 2024) | F9: A3
B10: Basic Construction is a single regulated line (no labor/material split) | C10: n/a | D10: definition | E10: DoD FMR 7000.14-R Vol 2B Ch 4, Exhibit P-5 Ship Cost Element Categories (Nov 2017) | F10: A4
B11: Virginia current off-team place-of-performance | C11: 0.34 | D11: place of performance | E11: DoD Contracts 2019-12-02 (article 2030017), Block V N00024-17-C-2100 | F11: A5
B12: Columbia current off-team place-of-performance | C12: 0.22 | D12: place of performance | E12: DoD Contracts 2020-11-05 (article 2406922), Build I N00024-17-C-2117 | F12: A6
B13: DDG-51 current off-team place-of-performance | C13: 0.13 | D13: place of performance | E13: DoD Contracts 2023-08-01 (article 3479250), DDG-51 FY23-27 multiyear (BIW + Ingalls) | F13: A7
A16: x | B16: §2 - Sourced vs assumed
B18: Parameter | C18: Status | D18: Note
B19: h - outsourceable labor-hour share | C19: Verified | D19: Rucker / Defense News 2022 (A1)
B20: L - shipyard labor share of BC | C20: Verified + judgment | D20: 40% of total cost (CRS/CBO A2/A3), rebased to BC (see Assumptions)
B21: core = L x (1 - h) | C21: Derived | D21: identity
B22: ceiling = 1 - core | C22: Derived | D22: identity
B23: p - pass-through material | C23: Assumption | D23: scenario input; sizes supplier-package value
B24: DDG-51 h / L | C24: Assumption | D24: non-nuclear contrast, not Rucker
B25: Current off-team POP % | C25: Sourced + derived | D25: announced POP A5/A6; DDG-51 13% blended (A7)
