Workbook

Sheet Module Cost
A2: x | B2: Module Cost
B3: Per-ship Basic Construction allocated down the HII modular build hierarchy
A6: x | B6: §1 - Cost per structural level (even split, const FY2026 $M)
B8: Level | C8: Count | D8: Avg per item ($M)
B9: Ship (per hull) | C9: 1 | D9: ='Assumptions'!C10
B10: Hull module | C10: ='Assumptions'!C16 | D10: ='Assumptions'!C10/'Assumptions'!C16
B11: Grand block | C11: ='Assumptions'!C17 | D11: ='Assumptions'!C10/'Assumptions'!C17
B12: Structural unit | C12: ='Assumptions'!C18 | D12: ='Assumptions'!C10/'Assumptions'!C18
A15: x | B15: §2 - Module breakout (weighted, const FY2026 $M)
B17: Module | C17: Relative weight | D17: Allocated ($M)
B18: Hull module 1 (forward) | C18: ='Assumptions'!C24 | D18: ='Assumptions'!C10*'Assumptions'!C24/'Assumptions'!C28
B19: Hull module 2 (midship) | C19: ='Assumptions'!C25 | D19: ='Assumptions'!C10*'Assumptions'!C25/'Assumptions'!C28
B20: Hull module 3 (aft) | C20: ='Assumptions'!C26 | D20: ='Assumptions'!C10*'Assumptions'!C26/'Assumptions'!C28
B21: Deckhouse (module 4) | C21: ='Assumptions'!C27 | D21: ='Assumptions'!C10*'Assumptions'!C27/'Assumptions'!C28
B22: All modules | C22: ='Assumptions'!C28 | D22: =SUM(D18:D21)
B23: Allocated total ties to per-ship Basic Construction; equal weights reduce this to the even split (/4).
A26: x | B26: §3 - Sensitivity: FY2027 single-ship buy
B28: Line | C28: Count | D28: Value ($M)
B29: Per-ship Basic Construction, FY2027 (1-ship) | D29: ='Ship Cost Basis'!H29
B30: per structural unit (/72) | C30: ='Assumptions'!C18 | D30: ='Ship Cost Basis'!H29/'Assumptions'!C18
B31: Single-ship buys carry rate + nonrecurring loading; the FY2025 multi-ship rate is the headline.

Sheet Structural Hierarchy
A2: x | B2: Structural Hierarchy
B3: HII (Ingalls) modular build hierarchy: ship -> modules -> grand blocks -> units
A6: x | B6: §1 - The modular build hierarchy
B8: Level | C8: Count | D8: Description
B9: Ship (per hull) | C9: 1 | D9: One complete DDG-51 (Arleigh Burke-class) hull.
B10: Hull modules 1-3 | C10: 3 | D10: Forward / midship / aft hull; each integrated from grand blocks.
B11: Deckhouse (module 4) | C11: 1 | D11: Landed onto the hull after modules 1-3.
B12: Modules (total) | C12: ='Assumptions'!C16 | D12: Hull modules 1-3 + deckhouse (module 4).
B13: Grand blocks | C13: ='Assumptions'!C17 | D13: Integrated to create the hull modules.
B14: Structural units (assemblies) | C14: ='Assumptions'!C18 | D14: Base assemblies: CAM-cut plate, bent pipe; extensively pre-outfitted.
B15: Counts (4 / 21 / 72) are the editable inputs on the Assumptions tab.
A18: x | B18: §2 - Level ratios (live)
B20: Ratio | C20: Value | D20: Note
B21: Units per grand block | C21: ='Assumptions'!C18/'Assumptions'!C17 | D21: 72 / 21
B22: Grand blocks per module | C22: ='Assumptions'!C17/'Assumptions'!C16 | D22: 21 / 4
B23: Units per module | C23: ='Assumptions'!C18/'Assumptions'!C16 | D23: 72 / 4
A26: x | B26: §3 - HII source (verbatim)
B28: Ingalls Shipbuilding uses modular construction techniques pioneered by the shipyard in the 1970s and refined over the years to maximize shipyard throughput.
B29: During the construction of a DDG 51 destroyer, 72 structural assemblies (units) are integrated, forming 21 grand blocks.
B30: These grand blocks are integrated, creating the ship's hull modules 1, 2 and 3.
B31: The deckhouse is landed (module 4), piping systems installed, cable routed, equipment connected and systems readied for test.
B32: The ship is moved to a drydock and launched in a 12-hour time period. Final outfitting and test is completed pier side.
B33: Source: HII / Ingalls Shipbuilding, Arleigh Burke-class capability page (web.archive.org capture 2026-04-02).

Sheet SAM-to-Module Bridge Notes
A2: x | B2: SAM-to-Module Bridge Notes
B3: How the SAM subaward evidence relates to HII's physical build hierarchy - and where it does not.
A6: x | B6: §1 - Two different dimensions
B7: SWBS and the module hierarchy describe the ship along different axes. A part has both, but a subaward usually reveals only one.
B9: SWBS (functional) | C9: Ship Work Breakdown Structure - a functional / system taxonomy (hull structure, propulsion, electric, auxiliary, ...). Answers WHICH SYSTEM a part belongs to. The SAM workbook tags HII-DDG subawards to SWBS via the HII work-item code crosswalk.
B10: Module / grand block / unit (physical) | C10: HII's production / product breakdown: how the yard fabricates, outfits, and erects the ship (ship -> 4 modules -> 21 grand blocks -> 72 structural units). Answers WHERE in the build a piece is assembled. See the Structural Hierarchy tab.
B11: Why they differ | C11: A pump, valve, cable, or radar component has a ship SYSTEM (SWBS) and a vendor, but its physical module / grand block is generally not knowable from public subaward text.
A14: x | B14: §2 - What a SAM subaward can attribute
B15: The dimensions the subaward evidence does - and does not - support.
B17: Dimension | C17: Subaward support
B18: Ship system / work type (SWBS) | C18: Yes - via the HII work-item code crosswalk (HII-DDG only).
B19: Vendor | C19: Yes - the subawardee entity (UEI).
B20: Hull | C20: Often - confidence-scored (see the SAM Hull Mapping Methodology).
B21: Timing | C21: Yes - the subaward action date.
B22: Physical module / grand block / unit | C22: Rarely - only when the text explicitly names a module, block, zone, unit, or drawing.
A25: x | B25: §3 - Attribution rules
B26: How to use the subaward evidence without overstating it.
B28: SWBS first | C28: Use SWBS as the primary work taxonomy for subaward spend.
B29: Module only on explicit text | C29: Attribute a subaward to a module / grand block / zone ONLY when its text explicitly references one.
B30: Notional allocation = scenario | C30: Spreading subaward $ across modules by structural weight is scenario analysis, not factual assignment.
B31: The bridge | C31: Subaward -> SWBS / work type -> hull -> (later) lifecycle stage. NOT usually subaward -> structural unit / grand block.
B32: The Outfit Context tab shows HII-Ingalls subaward $ by SWBS major group as context - it is subawardee spend, NOT a structural-unit cost weight.
A35: x | B35: §4 - The archetype (where the hierarchy comes from)
B36: The module hierarchy is a production breakdown, not a contract or functional one.
B38: Not Contract WBS | C38: Module / grand block / unit is not the MIL-STD-881 contract WBS (acquisition cost / reporting) nor SWBS (functional). It is a product / production breakdown.
B39: PWBS lineage | C39: Product Work Breakdown Structure / zone-block / group-technology shipbuilding - IHI (Ishikawajima-Harima, Japan) origin, transmitted into US yards via MARAD / NSRP around 1980 (NSRP-0164, Product Work Breakdown Structure, rev. Dec 1982).
B40: DDG-51 tie | C40: The 1988 MIT thesis (Seubert) ties IHI PWBS and modular shipbuilding to the DDG-51 class at Bath Iron Works.
B41: Sources: NSRP-0164 (HathiTrust, full view); 'Ship Work Breakdown Structures Through Different Ship Lifecycle Stages' (CWBS / SWBS / PWBS / ZWBS); OSTI biblio 6892557 (Seubert 1988).

Sheet Assumptions
A2: x | B2: Assumptions
B3: Cost anchor, HII structural counts, and module weights
A6: x | B6: §1 - Cost anchor
B8: Knob | C8: Value
B9: Anchor fiscal year (FY2025 = 3-ship; FY2027 = 1-ship) | C9: 2025
B10: Per-ship Basic Construction (const FY2026 $M) | C10: =INDEX('Ship Cost Basis'!C29:H29,MATCH(C9,'Ship Cost Basis'!C24:H24,0))
A13: x | B13: §2 - Structural counts (HII modular build hierarchy)
B15: Level | C15: Count
B16: Modules (hull 1-3 + deckhouse) | C16: 4
B17: Grand blocks | C17: 21
B18: Structural units (assemblies) | C18: 72
A21: x | B21: §3 - Module relative weights
B23: Module | C23: Relative weight
B24: Hull module 1 (forward) | C24: 1
B25: Hull module 2 (midship) | C25: 1
B26: Hull module 3 (aft) | C26: 1
B27: Deckhouse (module 4) | C27: 1
B28: Total weight | C28: =SUM(C24:C27)
B29: Default equal weights = even split. Raise a module's weight to load it heavier (e.g. the machinery-dense aft module / deckhouse).

Sheet Ship Cost Basis
A2: x | B2: Ship Cost Basis
B3: DDG-51 (LI 2122) P-5c cost slice, mirrored from the Master TAM workbook
A6: x | B6: §1 - P-5c cost categories, then-year $M
B8: Cost category | C8: FY2022 | D8: FY2023 | E8: FY2024 | F8: FY2025 | G8: FY2026 | H8: FY2027
B9: Basic Construction (TAM base) | C9: 1959.99 | D9: 4558.163 | E9: 3322.458 | F9: 4628.213 | G9: 282.604 | H9: 2719.555
B10: Plans | C10: 86.682 | D10: 92.152 | E10: 82.697 | F10: 83.596 | H10: 87.927
B11: Hull, Mechanical & Electrical (HM&E) | C11: 164.03 | D11: 295.732 | E11: 100.673 | F11: 154.029 | H11: 66.009
B12: Electronics (GFE) | C12: 546.096 | D12: 949.051 | E12: 619.811 | F12: 950.971 | G12: 23.521 | H12: 414.741
B13: Ordnance (GFE) | C13: 1161.682 | D13: 1835.479 | E13: 1187.455 | F13: 1816.641 | H13: 784.486
B14: Other Cost | C14: 76.985 | D14: 82.196 | E14: 87.684 | F14: 88.492 | H14: 89.974
B15: GFE Sum (= Electronics + Ordnance) | C15: 1707.778 | D15: 2784.53 | E15: 1807.266 | F15: 2767.612 | G15: 23.521 | H15: 1199.227
B16: Change Orders | C16: 77.417 | D16: 136.767 | E16: 91.552 | F16: 136.872 | H16: 94.222
B17: Total Ship Estimate | C17: 4072.882 | D17: 7949.54 | E17: 5492.33 | F17: 7858.814 | G17: 306.125 | H17: 4256.914
B18: GFE = Electronics + Ordnance (government-furnished combat systems; installed late / pier-side, not part of a structural block)
A21: x | B21: §2 - Constant FY2026 $M and per ship
B23: Line | C23: FY2022 | D23: FY2023 | E23: FY2024 | F23: FY2025 | G23: FY2026 | H23: FY2027
B24: Fiscal year (FY) | C24: 2022 | D24: 2023 | E24: 2024 | F24: 2025 | G24: 2026 | H24: 2027
B25: Constant-FY2026 factor (Green Book) | C25: 1.1 | D25: 1.07 | E25: 1.04 | F25: 1.02 | G25: 1 | H25: 0.98
B26: Basic Construction, const FY2026 $M | C26: =C9*C25 | D26: =D9*D25 | E26: =E9*E25 | F26: =F9*F25 | G26: =G9*G25 | H26: =H9*H25
B27: Total Ship Estimate, const FY2026 $M | C27: =C17*C25 | D27: =D17*D25 | E27: =E17*E25 | F27: =F17*F25 | G27: =G17*G25 | H27: =H17*H25
B28: Procurement quantity (ships) | F28: 3 | H28: 1
B29: Per-ship Basic Construction, const FY2026 $M | F29: =F26/F28 | H29: =H26/H28
B30: Per-ship Total Ship Estimate, const FY2026 $M | F30: =F27/F28 | H30: =H27/H28
B31: Per-ship figures exist only for FY2025 (3-ship buy) and FY2027 (1-ship buy); other years have no procurement quantity.
A34: x | B34: §3 - Source
B36: Series | C36: Source
B37: P-5c cost categories | C37: Master TAM workbook, extracted/scn_budget.csv (DDG-51 LI 2122, PB exhibits); GFE = Electronics + Ordnance
B38: Quantities | C38: Master TAM workbook, extracted/fydp_outyears.csv (PB2027 P-40)
B39: Deflator | C39: Master TAM workbook, extracted/deflators.csv (Green Book Procurement TOA; FY2025=100, rebased FY2026=1.000)

Sheet Outfit Context
A2: x | B2: Outfit Context
B3: HII-Ingalls subaward spend by ship system (context only)
A6: x | B6: §1 - DDG-51 subaward spend by ship system (SWBS), const FY2026 $M
B8: Ship system (SWBS major group) | C8: Subaward $M | D8: % of total | E8: Records
B9: 500 Auxiliary Systems | C9: 1105.6 | D9: =C9/C19 | E9: 1082
B10: 200 Propulsion Plant | C10: 1093.6 | D10: =C10/C19 | E10: 266
B11: 300 Electric Plant | C11: 895.8 | D11: =C11/C19 | E11: 422
B12: U00 No SWBS Evidence | C12: 684.4 | D12: =C12/C19 | E12: 3708
B13: 600 Outfit & Furnishings | C13: 72.6 | D13: =C13/C19 | E13: 139
B14: 400 Command, Control & Surveillance | C14: 56.3 | D14: =C14/C19 | E14: 88
B15: 100 Hull Structure | C15: 28.1 | D15: =C15/C19 | E15: 121
B16: X00 Cross-Cutting | C16: 10.8 | D16: =C16/C19 | E16: 36
B17: L00 Legacy / Unmapped | C17: 8.4 | D17: =C17/C19 | E17: 16
B18: 700 Armament | C18: 1.7 | D18: =C18/C19 | E18: 13
B19: All ship systems | C19: =SUM(C9:C18) | D19: =C19/C19 | E19: =SUM(E9:E18)
B21: Source: SAM award-classification workbook, "DDG SWBS by Ship-System" tab (first-tier HII-Ingalls subawards; recalculated 2026-06-25).
